Filename,Frequency
tone_0.wav,100.0
tone_1.wav,118.9207115002721
tone_2.wav,141.42135623730948
tone_3.wav,168.1792830507429
tone_4.wav,199.99999999999997
tone_5.wav,237.84142300054415
tone_6.wav,282.84271247461896
tone_7.wav,336.35856610148574
tone_8.wav,399.9999999999999
tone_9.wav,475.6828460010883
tone_10.wav,565.6854249492378
tone_11.wav,672.7171322029715
tone_12.wav,799.9999999999997
tone_13.wav,951.3656920021765
tone_14.wav,1131.3708498984756
tone_15.wav,1345.4342644059427
tone_16.wav,1599.999999999999
tone_17.wav,1902.7313840043525
tone_18.wav,2262.741699796951
tone_19.wav,2690.868528811885
tone_20.wav,3199.9999999999977
tone_21.wav,3805.4627680087046
tone_22.wav,4525.483399593901
tone_23.wav,5381.737057623769
tone_24.wav,6399.999999999995
tone_25.wav,7610.925536017409
tone_26.wav,9050.9667991878
tone_27.wav,10763.474115247536
tone_28.wav,12799.999999999989
tone_29.wav,15221.851072034815
tone_30.wav,18101.9335983756
